sample_index,timestamp_epoch,timestamp_iso,I1,I2,I3
1,1776406975.620686,2026-04-17T06:22:55.620686+00:00,1.456000,1.474000,1.424000
2,1776406976.642484,2026-04-17T06:22:56.642484+00:00,1.464000,1.482000,1.425000
3,1776406977.664208,2026-04-17T06:22:57.664208+00:00,1.455000,1.481000,1.428000
4,1776406978.686110,2026-04-17T06:22:58.686110+00:00,1.464000,1.475000,1.435000
5,1776406979.708037,2026-04-17T06:22:59.708037+00:00,1.456000,1.475000,1.435000
6,1776406980.729842,2026-04-17T06:23:00.729842+00:00,1.470000,1.471000,1.435000
7,1776406982.262487,2026-04-17T06:23:02.262487+00:00,1.464000,1.483000,1.434000
8,1776406983.795253,2026-04-17T06:23:03.795253+00:00,1.471000,1.472000,1.427000
9,1776406985.328199,2026-04-17T06:23:05.328199+00:00,1.474000,1.481000,1.424000
10,1776406986.350288,2026-04-17T06:23:06.350288+00:00,1.469000,1.485000,1.423000
11,1776406987.372253,2026-04-17T06:23:07.372253+00:00,1.475000,1.478000,1.426000
12,1776406988.394199,2026-04-17T06:23:08.394199+00:00,1.467000,1.473000,1.428000
13,1776406989.416050,2026-04-17T06:23:09.416050+00:00,1.470000,1.468000,1.432000
14,1776406990.438114,2026-04-17T06:23:10.438114+00:00,1.469000,1.475000,1.435000
15,1776406991.459903,2026-04-17T06:23:11.459903+00:00,1.470000,1.470000,1.435000
16,1776406992.481807,2026-04-17T06:23:12.481807+00:00,1.469000,1.476000,1.434000
17,1776406993.503732,2026-04-17T06:23:13.503732+00:00,1.472000,1.476000,1.432000
18,1776406994.525632,2026-04-17T06:23:14.525632+00:00,1.468000,1.474000,1.431000
19,1776406995.036548,2026-04-17T06:23:15.036548+00:00,1.469000,9.000000,1.427000
20,1776406995.547576,2026-04-17T06:23:15.547576+00:00,1.464000,75.000000,1.426000
21,1776406996.058422,2026-04-17T06:23:16.058422+00:00,1.468000,469.000000,1.423000
22,1776406996.569419,2026-04-17T06:23:16.569419+00:00,1.473000,1.475000,1.421000
23,1776406997.080391,2026-04-17T06:23:17.080391+00:00,1.465000,1.472000,1.421000
24,1776406997.591223,2026-04-17T06:23:17.591223+00:00,1.460000,1.471000,1.420000
25,1776406998.102151,2026-04-17T06:23:18.102151+00:00,1.463000,1.477000,1.421000
26,1776406998.613082,2026-04-17T06:23:18.613082+00:00,1.466000,1.478000,1.422000
27,1776406999.124014,2026-04-17T06:23:19.124014+00:00,1.464000,1.474000,1.426000
28,1776406999.634939,2026-04-17T06:23:19.634939+00:00,1.461000,1.472000,1.428000
29,1776407000.145838,2026-04-17T06:23:20.145838+00:00,1.466000,1.473000,1.432000
30,1776407000.656769,2026-04-17T06:23:20.656769+00:00,1.467000,1.474000,1.430000
31,1776407001.167669,2026-04-17T06:23:21.167669+00:00,1.462000,1.472000,1.433000
32,1776407001.678560,2026-04-17T06:23:21.678560+00:00,1.459000,1.476000,1.431000
33,1776407002.189513,2026-04-17T06:23:22.189513+00:00,1.463000,1.478000,1.436000
34,1776407002.700379,2026-04-17T06:23:22.700379+00:00,1.467000,1.468000,1.429000
35,1776407003.211390,2026-04-17T06:23:23.211390+00:00,1.464000,1.479000,1.431000
36,1776407003.722382,2026-04-17T06:23:23.722382+00:00,1.460000,1.470000,1.432000
37,1776407004.233357,2026-04-17T06:23:24.233357+00:00,1.463000,1.479000,1.432000
38,1776407004.744285,2026-04-17T06:23:24.744285+00:00,1.468000,1.480000,1.432000
39,1776407005.255218,2026-04-17T06:23:25.255218+00:00,1.462000,1.479000,1.431000
40,1776407005.766227,2026-04-17T06:23:25.766227+00:00,1.458000,1.483000,1.429000
41,1776407006.277156,2026-04-17T06:23:26.277156+00:00,1.465000,1.478000,1.425000
42,1776407006.788131,2026-04-17T06:23:26.788131+00:00,1.468000,1.473000,1.423000
43,1776407007.299024,2026-04-17T06:23:27.299024+00:00,1.458000,1.476000,1.409000
44,1776407007.810034,2026-04-17T06:23:27.810034+00:00,1.445000,1.455000,1.413000
45,1776407008.321062,2026-04-17T06:23:28.321062+00:00,1.458000,1.469000,1.413000
46,1776407008.832028,2026-04-17T06:23:28.832028+00:00,1.457000,1.463000,1.414000
47,1776407009.343092,2026-04-17T06:23:29.343092+00:00,1.450000,1.464000,1.417000
48,1776407009.854128,2026-04-17T06:23:29.854128+00:00,1.452000,1.469000,1.421000
49,1776407010.365083,2026-04-17T06:23:30.365083+00:00,1.456000,1.464000,1.418000
50,1776407010.876112,2026-04-17T06:23:30.876112+00:00,1.453000,1.469000,1.424000
51,1776407011.387014,2026-04-17T06:23:31.387014+00:00,1.447000,1.464000,1.425000
52,1776407011.898020,2026-04-17T06:23:31.898020+00:00,1.450000,1.463000,1.428000
53,1776407012.408973,2026-04-17T06:23:32.408973+00:00,1.454000,1.472000,1.428000
54,1776407012.919967,2026-04-17T06:23:32.919967+00:00,1.449000,1.474000,1.427000
55,1776407013.430975,2026-04-17T06:23:33.430975+00:00,1.446000,1.470000,1.425000
56,1776407013.941964,2026-04-17T06:23:33.941964+00:00,1.452000,1.472000,1.422000
57,1776407014.452949,2026-04-17T06:23:34.452949+00:00,1.452000,1.462000,1.422000
58,1776407014.963999,2026-04-17T06:23:34.963999+00:00,1.446000,1.464000,1.416000
59,1776407015.475043,2026-04-17T06:23:35.475043+00:00,1.444000,1.470000,1.412000
60,1776407015.986101,2026-04-17T06:23:35.986101+00:00,1.449000,1.462000,1.412000
61,1776407016.496867,2026-04-17T06:23:36.496867+00:00,1.446000,1.470000,1.408000
62,1776407017.007911,2026-04-17T06:23:37.007911+00:00,1.440000,1.463000,1.411000
63,1776407017.518855,2026-04-17T06:23:37.518855+00:00,1.443000,1.471000,1.414000
64,1776407018.029818,2026-04-17T06:23:38.029818+00:00,1.448000,1.470000,1.416000
65,1776407018.540762,2026-04-17T06:23:38.540762+00:00,1.445000,1.473000,1.419000
66,1776407019.051737,2026-04-17T06:23:39.051737+00:00,1.441000,1.464000,1.422000
67,1776407019.562679,2026-04-17T06:23:39.562679+00:00,1.446000,1.467000,1.425000
68,1776407020.073612,2026-04-17T06:23:40.073612+00:00,1.449000,1.469000,1.425000
69,1776407020.584549,2026-04-17T06:23:40.584549+00:00,1.441000,1.470000,1.426000
70,1776407021.095597,2026-04-17T06:23:41.095597+00:00,1.438000,1.471000,1.424000
71,1776407021.606477,2026-04-17T06:23:41.606477+00:00,1.445000,1.469000,1.421000
72,1776407022.117461,2026-04-17T06:23:42.117461+00:00,1.446000,1.471000,1.422000
73,1776407022.628270,2026-04-17T06:23:42.628270+00:00,1.441000,1.460000,1.419000
74,1776407023.139138,2026-04-17T06:23:43.139138+00:00,1.443000,1.470000,1.420000
75,1776407023.649981,2026-04-17T06:23:43.649981+00:00,1.450000,1.468000,1.419000
76,1776407024.160932,2026-04-17T06:23:44.160932+00:00,1.449000,1.464000,1.417000
77,1776407024.671875,2026-04-17T06:23:44.671875+00:00,1.442000,1.469000,1.412000
78,1776407025.182746,2026-04-17T06:23:45.182746+00:00,1.440000,1.471000,1.410000
79,1776407025.693604,2026-04-17T06:23:45.693604+00:00,1.447000,1.470000,1.410000
80,1776407026.204531,2026-04-17T06:23:46.204531+00:00,1.445000,1.468000,1.408000
81,1776407026.715272,2026-04-17T06:23:46.715272+00:00,1.438000,1.465000,1.409000
82,1776407027.226086,2026-04-17T06:23:47.226086+00:00,1.442000,1.460000,1.408000
83,1776407027.736912,2026-04-17T06:23:47.736912+00:00,1.448000,1.468000,1.410000
84,1776407028.247813,2026-04-17T06:23:48.247813+00:00,1.446000,1.466000,1.409000
85,1776407028.758554,2026-04-17T06:23:48.758554+00:00,1.442000,1.458000,1.410000
86,1776407029.269480,2026-04-17T06:23:49.269480+00:00,1.447000,1.452000,1.413000
87,1776407029.780436,2026-04-17T06:23:49.780436+00:00,1.450000,1.464000,1.414000
88,1776407030.291404,2026-04-17T06:23:50.291404+00:00,1.446000,1.459000,1.417000
89,1776407030.802216,2026-04-17T06:23:50.802216+00:00,1.443000,1.458000,1.420000
90,1776407031.313215,2026-04-17T06:23:51.313215+00:00,1.446000,1.468000,1.420000
91,1776407031.823968,2026-04-17T06:23:51.823968+00:00,1.449000,1.465000,1.420000
92,1776407032.334912,2026-04-17T06:23:52.334912+00:00,1.445000,1.458000,1.421000
93,1776407032.845810,2026-04-17T06:23:52.845810+00:00,1.440000,1.459000,1.422000
94,1776407033.356696,2026-04-17T06:23:53.356696+00:00,1.445000,1.467000,1.423000
95,1776407033.867735,2026-04-17T06:23:53.867735+00:00,1.446000,1.467000,1.422000
96,1776407034.378752,2026-04-17T06:23:54.378752+00:00,1.443000,1.466000,1.419000
97,1776407034.889674,2026-04-17T06:23:54.889674+00:00,1.440000,1.464000,1.418000
98,1776407035.400648,2026-04-17T06:23:55.400648+00:00,1.445000,1.467000,1.418000
99,1776407035.911669,2026-04-17T06:23:55.911669+00:00,1.448000,1.448000,1.414000
100,1776407036.422709,2026-04-17T06:23:56.422709+00:00,1.453000,1.472000,1.412000
101,1776407036.933607,2026-04-17T06:23:56.933607+00:00,1.441000,1.463000,1.411000
102,1776407037.444454,2026-04-17T06:23:57.444454+00:00,1.447000,1.461000,1.408000
103,1776407037.955298,2026-04-17T06:23:57.955298+00:00,1.448000,1.467000,1.405000
104,1776407038.466162,2026-04-17T06:23:58.466162+00:00,1.444000,1.468000,1.406000
105,1776407038.976979,2026-04-17T06:23:58.976979+00:00,1.443000,1.457000,1.407000
106,1776407039.487800,2026-04-17T06:23:59.487800+00:00,1.448000,1.465000,1.406000
107,1776407039.998670,2026-04-17T06:23:59.998670+00:00,1.450000,1.463000,1.404000
108,1776407040.509539,2026-04-17T06:24:00.509539+00:00,1.446000,1.464000,1.404000
109,1776407041.020341,2026-04-17T06:24:01.020341+00:00,1.443000,1.465000,1.406000
110,1776407041.531277,2026-04-17T06:24:01.531277+00:00,1.448000,1.453000,1.409000
111,1776407042.042066,2026-04-17T06:24:02.042066+00:00,1.448000,1.459000,1.410000
112,1776407042.552909,2026-04-17T06:24:02.552909+00:00,1.443000,1.456000,1.409000
113,1776407043.063815,2026-04-17T06:24:03.063815+00:00,1.440000,1.457000,1.410000
114,1776407043.574872,2026-04-17T06:24:03.574872+00:00,1.447000,1.465000,1.411000
115,1776407044.085827,2026-04-17T06:24:04.085827+00:00,1.448000,1.459000,1.411000
116,1776407044.596792,2026-04-17T06:24:04.596792+00:00,1.444000,1.460000,1.412000
117,1776407045.107752,2026-04-17T06:24:05.107752+00:00,1.445000,1.450000,1.414000
118,1776407045.618640,2026-04-17T06:24:05.618640+00:00,1.451000,1.454000,1.414000
119,1776407046.129535,2026-04-17T06:24:06.129535+00:00,1.451000,1.453000,1.415000
120,1776407046.640464,2026-04-17T06:24:06.640464+00:00,1.447000,1.455000,1.418000
121,1776407047.151374,2026-04-17T06:24:07.151374+00:00,1.447000,1.462000,1.415000
122,1776407047.662324,2026-04-17T06:24:07.662324+00:00,1.453000,1.452000,1.416000
123,1776407048.173179,2026-04-17T06:24:08.173179+00:00,1.449000,1.456000,1.414000
124,1776407048.684216,2026-04-17T06:24:08.684216+00:00,1.444000,1.461000,1.414000
125,1776407049.195161,2026-04-17T06:24:09.195161+00:00,1.446000,1.462000,1.412000
126,1776407049.705990,2026-04-17T06:24:09.705990+00:00,1.452000,1.454000,10.000000
127,1776407050.727730,2026-04-17T06:24:10.727730+00:00,1.447000,1.460000,1.406000
128,1776407051.749579,2026-04-17T06:24:11.749579+00:00,1.444000,1.453000,1.405000
129,1776407052.771196,2026-04-17T06:24:12.771196+00:00,1.440000,1.457000,1.409000
130,1776407053.792957,2026-04-17T06:24:13.792957+00:00,1.444000,1.458000,1.406000
131,1776407054.814845,2026-04-17T06:24:14.814845+00:00,1.437000,1.460000,1.411000
132,1776407055.836814,2026-04-17T06:24:15.836814+00:00,1.444000,1.452000,1.413000
133,1776407056.858896,2026-04-17T06:24:16.858896+00:00,1.436000,1.460000,1.417000
134,1776407057.880759,2026-04-17T06:24:17.880759+00:00,1.443000,1.457000,1.414000
135,1776407058.902730,2026-04-17T06:24:18.902730+00:00,1.432000,1.454000,1.416000
136,1776407059.924699,2026-04-17T06:24:19.924699+00:00,1.442000,1.455000,1.415000
137,1776407060.946448,2026-04-17T06:24:20.946448+00:00,1.434000,1.459000,1.407000
138,1776407061.968138,2026-04-17T06:24:21.968138+00:00,1.440000,1.450000,1.404000
139,1776407062.989763,2026-04-17T06:24:22.989763+00:00,1.434000,1.453000,1.399000
140,1776407064.011417,2026-04-17T06:24:24.011417+00:00,1.438000,1.462000,1.401000
141,1776407065.032912,2026-04-17T06:24:25.032912+00:00,1.435000,1.461000,1.400000
142,1776407066.054368,2026-04-17T06:24:26.054368+00:00,1.435000,1.451000,1.401000
143,1776407067.076120,2026-04-17T06:24:27.076120+00:00,1.439000,1.458000,1.407000
144,1776407068.097587,2026-04-17T06:24:28.097587+00:00,1.434000,1.461000,1.410000
145,1776407069.119488,2026-04-17T06:24:29.119488+00:00,1.436000,1.459000,1.412000
146,1776407070.141450,2026-04-17T06:24:30.141450+00:00,1.433000,1.452000,1.418000
147,1776407071.163404,2026-04-17T06:24:31.163404+00:00,1.441000,1.462000,1.417000
148,1776407072.185454,2026-04-17T06:24:32.185454+00:00,1.430000,1.461000,1.412000
149,1776407073.207153,2026-04-17T06:24:33.207153+00:00,1.438000,1.459000,1.409000
150,1776407074.228802,2026-04-17T06:24:34.228802+00:00,1.430000,1.456000,1.406000
151,1776407075.250470,2026-04-17T06:24:35.250470+00:00,1.437000,1.451000,1.402000
152,1776407076.272119,2026-04-17T06:24:36.272119+00:00,1.432000,1.458000,1.405000
153,1776407077.293992,2026-04-17T06:24:37.293992+00:00,1.432000,1.452000,1.411000
154,1776407078.315827,2026-04-17T06:24:38.315827+00:00,1.435000,1.456000,1.416000
155,1776407079.337800,2026-04-17T06:24:39.337800+00:00,1.433000,1.459000,1.417000
156,1776407080.359861,2026-04-17T06:24:40.359861+00:00,1.436000,1.460000,1.414000
157,1776407081.381721,2026-04-17T06:24:41.381721+00:00,1.432000,1.451000,1.409000
158,1776407082.403465,2026-04-17T06:24:42.403465+00:00,1.438000,1.457000,1.406000
159,1776407083.425108,2026-04-17T06:24:43.425108+00:00,1.430000,1.457000,1.402000
160,1776407084.446840,2026-04-17T06:24:44.446840+00:00,1.436000,1.457000,1.405000
161,1776407085.468511,2026-04-17T06:24:45.468511+00:00,1.430000,1.466000,1.409000
162,1776407086.490403,2026-04-17T06:24:46.490403+00:00,1.434000,1.460000,1.413000
163,1776407087.512515,2026-04-17T06:24:47.512515+00:00,1.434000,1.457000,1.414000
164,1776407088.534473,2026-04-17T06:24:48.534473+00:00,1.431000,1.458000,1.413000
165,1776407089.556179,2026-04-17T06:24:49.556179+00:00,1.435000,1.451000,1.408000
166,1776407090.577880,2026-04-17T06:24:50.577880+00:00,1.429000,1.459000,1.402000
167,1776407091.599353,2026-04-17T06:24:51.599353+00:00,1.436000,1.449000,1.400000
168,1776407092.621148,2026-04-17T06:24:52.621148+00:00,1.431000,1.444000,1.400000
169,1776407093.642674,2026-04-17T06:24:53.642674+00:00,1.437000,1.452000,1.401000
170,1776407094.664410,2026-04-17T06:24:54.664410+00:00,1.434000,1.438000,1.406000
171,1776407095.686397,2026-04-17T06:24:55.686397+00:00,1.435000,1.448000,1.412000
172,1776407096.708353,2026-04-17T06:24:56.708353+00:00,1.439000,1.447000,1.409000
173,1776407097.730085,2026-04-17T06:24:57.730085+00:00,1.434000,1.447000,1.404000
174,1776407098.751702,2026-04-17T06:24:58.751702+00:00,1.443000,1.452000,1.401000
175,1776407099.773594,2026-04-17T06:24:59.773594+00:00,1.438000,1.451000,1.397000
176,1776407100.795539,2026-04-17T06:25:00.795539+00:00,1.443000,1.443000,1.393000
177,1776407101.817504,2026-04-17T06:25:01.817504+00:00,1.437000,1.448000,1.397000
178,1776407102.839533,2026-04-17T06:25:02.839533+00:00,1.443000,1.440000,1.401000
179,1776407103.861356,2026-04-17T06:25:03.861356+00:00,1.443000,1.449000,1.403000
180,1776407104.883109,2026-04-17T06:25:04.883109+00:00,1.443000,1.442000,1.406000
181,1776407105.904880,2026-04-17T06:25:05.904880+00:00,1.442000,1.449000,1.408000
182,1776407106.415706,2026-04-17T06:25:06.415706+00:00,1.445000,1.441000,1.406000
183,1776407106.926565,2026-04-17T06:25:06.926565+00:00,1.440000,1.450000,1.402000
184,1776407107.437470,2026-04-17T06:25:07.437470+00:00,1.438000,1.447000,1.403000
185,1776407107.948205,2026-04-17T06:25:07.948205+00:00,1.445000,1.448000,1.400000
186,1776407108.459105,2026-04-17T06:25:08.459105+00:00,1.446000,1.444000,1.397000
187,1776407108.970064,2026-04-17T06:25:08.970064+00:00,1.439000,1.448000,1.399000
188,1776407109.480979,2026-04-17T06:25:09.480979+00:00,1.440000,1.442000,1.395000
189,1776407109.991977,2026-04-17T06:25:09.991977+00:00,1.446000,1.446000,1.392000
190,1776407110.502877,2026-04-17T06:25:10.502877+00:00,1.445000,1.449000,1.390000
191,1776407111.013672,2026-04-17T06:25:11.013672+00:00,1.440000,1.442000,1.390000
192,1776407111.524714,2026-04-17T06:25:11.524714+00:00,1.444000,1.454000,1.387000
193,1776407112.035682,2026-04-17T06:25:12.035682+00:00,1.448000,1.451000,1.388000
194,1776407112.546702,2026-04-17T06:25:12.546702+00:00,1.442000,1.437000,1.392000
195,1776407113.057854,2026-04-17T06:25:13.057854+00:00,1.438000,1.450000,1.395000
196,1776407113.568851,2026-04-17T06:25:13.568851+00:00,1.442000,1.449000,1.397000
197,1776407114.079768,2026-04-17T06:25:14.079768+00:00,1.444000,1.456000,1.398000
198,1776407114.590420,2026-04-17T06:25:14.590420+00:00,1.438000,1.447000,1.400000
199,1776407115.101377,2026-04-17T06:25:15.101377+00:00,1.438000,1.446000,1.402000
200,1776407115.612000,2026-04-17T06:25:15.612000+00:00,1.441000,1.449000,1.406000
201,1776407116.122816,2026-04-17T06:25:16.122816+00:00,1.439000,1.447000,1.405000
202,1776407116.633885,2026-04-17T06:25:16.633885+00:00,1.437000,1.450000,1.402000
203,1776407117.144697,2026-04-17T06:25:17.144697+00:00,1.441000,1.442000,1.403000
204,1776407117.655694,2026-04-17T06:25:17.655694+00:00,1.442000,1.452000,1.399000
205,1776407118.166671,2026-04-17T06:25:18.166671+00:00,1.439000,1.444000,96.000000
206,1776407119.188656,2026-04-17T06:25:19.188656+00:00,1.436000,1.444000,1.391000
207,1776407120.210669,2026-04-17T06:25:20.210669+00:00,1.439000,1.450000,1.387000
208,1776407121.232428,2026-04-17T06:25:21.232428+00:00,1.437000,1.448000,1.390000
209,1776407122.254327,2026-04-17T06:25:22.254327+00:00,1.436000,1.449000,1.398000
210,1776407123.276258,2026-04-17T06:25:23.276258+00:00,1.440000,1.450000,1.399000
211,1776407124.297987,2026-04-17T06:25:24.297987+00:00,1.434000,1.450000,1.402000
212,1776407125.319793,2026-04-17T06:25:25.319793+00:00,1.442000,1.452000,1.402000
213,1776407126.341529,2026-04-17T06:25:26.341529+00:00,1.434000,1.450000,1.398000
214,1776407127.363384,2026-04-17T06:25:27.363384+00:00,1.437000,1.451000,1.392000
215,1776407128.385181,2026-04-17T06:25:28.385181+00:00,1.433000,1.454000,1.401000
216,1776407129.406953,2026-04-17T06:25:29.406953+00:00,1.441000,1.456000,1.401000
217,1776407130.428647,2026-04-17T06:25:30.428647+00:00,1.443000,1.450000,1.409000
218,1776407131.450239,2026-04-17T06:25:31.450239+00:00,1.436000,1.460000,1.409000
219,1776407132.472273,2026-04-17T06:25:32.472273+00:00,1.443000,1.457000,1.414000
220,1776407133.494143,2026-04-17T06:25:33.494143+00:00,1.437000,1.459000,1.410000
221,1776407134.515901,2026-04-17T06:25:34.515901+00:00,1.445000,1.456000,1.404000
222,1776407135.538065,2026-04-17T06:25:35.538065+00:00,1.439000,1.453000,1.396000
223,1776407136.560162,2026-04-17T06:25:36.560162+00:00,1.442000,1.448000,1.395000
224,1776407137.582227,2026-04-17T06:25:37.582227+00:00,1.443000,1.455000,1.396000
225,1776407138.604136,2026-04-17T06:25:38.604136+00:00,1.443000,1.449000,1.405000
226,1776407139.625990,2026-04-17T06:25:39.625990+00:00,1.448000,1.445000,1.406000
1,1776407158.021260,2026-04-17T06:25:58.021260+00:00,1.437000,1.441000,1.400000
2,1776407158.532199,2026-04-17T06:25:58.532199+00:00,1.435000,1.435000,1.397000
3,1776407159.043310,2026-04-17T06:25:59.043310+00:00,1.432000,1.441000,1.391000
4,1776407159.554359,2026-04-17T06:25:59.554359+00:00,1.436000,1.430000,1.391000
5,1776407160.065452,2026-04-17T06:26:00.065452+00:00,1.442000,1.438000,1.392000
6,1776407160.576555,2026-04-17T06:26:00.576555+00:00,1.436000,1.434000,1.392000
7,1776407161.087662,2026-04-17T06:26:01.087662+00:00,1.435000,1.439000,1.397000
8,1776407161.598712,2026-04-17T06:26:01.598712+00:00,1.439000,1.443000,1.399000
9,1776407162.109722,2026-04-17T06:26:02.109722+00:00,1.435000,1.439000,1.404000
10,1776407162.620712,2026-04-17T06:26:02.620712+00:00,1.433000,1.427000,1.404000
11,1776407163.131771,2026-04-17T06:26:03.131771+00:00,1.436000,1.433000,1.407000
12,1776407163.642576,2026-04-17T06:26:03.642576+00:00,1.439000,1.436000,1.408000
13,1776407164.153480,2026-04-17T06:26:04.153480+00:00,1.421000,1.422000,1.406000
14,1776407164.664432,2026-04-17T06:26:04.664432+00:00,1.429000,1.430000,1.407000
15,1776407165.175478,2026-04-17T06:26:05.175478+00:00,1.435000,1.427000,1.404000
16,1776407165.686509,2026-04-17T06:26:05.686509+00:00,1.439000,1.435000,1.398000
17,1776407166.197563,2026-04-17T06:26:06.197563+00:00,1.435000,1.433000,1.396000
18,1776407166.708549,2026-04-17T06:26:06.708549+00:00,1.436000,1.434000,1.395000
19,1776407167.219595,2026-04-17T06:26:07.219595+00:00,1.439000,1.436000,1.393000
20,1776407167.730720,2026-04-17T06:26:07.730720+00:00,1.436000,1.439000,1.395000
21,1776407168.241885,2026-04-17T06:26:08.241885+00:00,1.432000,1.435000,1.396000
22,1776407168.752730,2026-04-17T06:26:08.752730+00:00,1.437000,1.435000,1.401000
23,1776407169.263676,2026-04-17T06:26:09.263676+00:00,1.437000,1.433000,1.401000
24,1776407169.774588,2026-04-17T06:26:09.774588+00:00,1.436000,1.428000,1.405000
25,1776407170.285534,2026-04-17T06:26:10.285534+00:00,1.431000,1.429000,1.408000
26,1776407170.796471,2026-04-17T06:26:10.796471+00:00,1.437000,1.433000,1.408000
27,1776407171.307416,2026-04-17T06:26:11.307416+00:00,1.435000,1.436000,1.406000
28,1776407171.818410,2026-04-17T06:26:11.818410+00:00,1.429000,1.434000,1.403000
29,1776407172.329479,2026-04-17T06:26:12.329479+00:00,1.435000,1.436000,1.399000
30,1776407172.840572,2026-04-17T06:26:12.840572+00:00,1.441000,1.426000,1.395000
31,1776407173.351795,2026-04-17T06:26:13.351795+00:00,1.432000,1.434000,1.395000
32,1776407173.862863,2026-04-17T06:26:13.862863+00:00,1.430000,1.436000,1.395000
33,1776407174.373940,2026-04-17T06:26:14.373940+00:00,1.435000,1.423000,1.395000
34,1776407174.885008,2026-04-17T06:26:14.885008+00:00,1.433000,1.438000,1.398000
35,1776407175.395892,2026-04-17T06:26:15.395892+00:00,1.429000,1.427000,1.400000
36,1776407175.906935,2026-04-17T06:26:15.906935+00:00,1.434000,1.428000,1.404000
37,1776407176.417970,2026-04-17T06:26:16.417970+00:00,1.438000,1.434000,1.407000
38,1776407176.929137,2026-04-17T06:26:16.929137+00:00,1.430000,1.437000,1.411000
39,1776407177.440160,2026-04-17T06:26:17.440160+00:00,1.430000,1.434000,1.408000
40,1776407177.951235,2026-04-17T06:26:17.951235+00:00,1.437000,1.437000,1.403000
41,1776407178.462268,2026-04-17T06:26:18.462268+00:00,1.436000,1.433000,1.400000
42,1776407178.973353,2026-04-17T06:26:18.973353+00:00,1.430000,1.434000,1.398000
43,1776407179.484499,2026-04-17T06:26:19.484499+00:00,1.434000,1.435000,1.396000
44,1776407179.995565,2026-04-17T06:26:19.995565+00:00,1.436000,1.428000,1.395000
45,1776407180.506669,2026-04-17T06:26:20.506669+00:00,1.431000,1.432000,1.395000
46,1776407181.017763,2026-04-17T06:26:21.017763+00:00,1.432000,1.428000,1.398000
47,1776407181.528913,2026-04-17T06:26:21.528913+00:00,1.438000,1.438000,1.399000
48,1776407182.039909,2026-04-17T06:26:22.039909+00:00,1.434000,1.425000,1.404000
49,1776407182.550868,2026-04-17T06:26:22.550868+00:00,1.431000,1.426000,1.404000
50,1776407183.061851,2026-04-17T06:26:23.061851+00:00,1.434000,1.431000,1.408000
51,1776407183.572968,2026-04-17T06:26:23.572968+00:00,1.436000,1.436000,1.407000
52,1776407184.083964,2026-04-17T06:26:24.083964+00:00,1.429000,1.426000,1.404000
53,1776407184.594957,2026-04-17T06:26:24.594957+00:00,1.429000,1.436000,1.402000
54,1776407185.105979,2026-04-17T06:26:25.105979+00:00,1.436000,1.427000,1.401000
55,1776407185.617090,2026-04-17T06:26:25.617090+00:00,1.432000,1.428000,1.397000
56,1776407186.128204,2026-04-17T06:26:26.128204+00:00,1.427000,1.426000,1.394000
57,1776407186.639346,2026-04-17T06:26:26.639346+00:00,1.432000,1.432000,1.393000
58,1776407187.150419,2026-04-17T06:26:27.150419+00:00,1.433000,1.438000,1.394000
59,1776407187.661545,2026-04-17T06:26:27.661545+00:00,1.429000,1.428000,398.000000
60,1776407188.683695,2026-04-17T06:26:28.683695+00:00,1.431000,1.428000,1.403000
61,1776407189.705606,2026-04-17T06:26:29.705606+00:00,1.432000,1.428000,1.405000
62,1776407190.727649,2026-04-17T06:26:30.727649+00:00,1.429000,1.444000,1.403000
63,1776407191.749787,2026-04-17T06:26:31.749787+00:00,1.429000,1.433000,1.399000
64,1776407192.772076,2026-04-17T06:26:32.772076+00:00,1.434000,1.426000,1.394000
65,1776407193.794412,2026-04-17T06:26:33.794412+00:00,1.428000,1.426000,1.391000
66,1776407194.816139,2026-04-17T06:26:34.816139+00:00,1.436000,1.435000,1.400000
67,1776407195.837978,2026-04-17T06:26:35.837978+00:00,1.426000,1.427000,1.403000
68,1776407196.859820,2026-04-17T06:26:36.859820+00:00,1.429000,1.428000,1.406000
69,1776407197.881644,2026-04-17T06:26:37.881644+00:00,1.428000,1.432000,1.407000
70,1776407198.903564,2026-04-17T06:26:38.903564+00:00,1.427000,1.436000,1.404000
71,1776407199.925510,2026-04-17T06:26:39.925510+00:00,1.431000,1.435000,1.397000
72,1776407200.947513,2026-04-17T06:26:40.947513+00:00,1.424000,1.437000,1.396000
73,1776407201.969616,2026-04-17T06:26:41.969616+00:00,1.432000,1.427000,1.396000
74,1776407202.991633,2026-04-17T06:26:42.991633+00:00,1.423000,1.435000,1.403000
75,1776407204.013462,2026-04-17T06:26:44.013462+00:00,1.428000,1.436000,1.407000
76,1776407205.035139,2026-04-17T06:26:45.035139+00:00,1.429000,1.433000,1.404000
77,1776407206.056962,2026-04-17T06:26:46.056962+00:00,1.423000,1.428000,1.404000
78,1776407207.078953,2026-04-17T06:26:47.078953+00:00,1.430000,1.437000,1.399000
1,1776407224.451365,2026-04-17T06:27:04.451365+00:00,1.425000,1.426000,1.410000
2,1776407225.473225,2026-04-17T06:27:05.473225+00:00,1.418000,1.432000,1.405000
3,1776407226.494931,2026-04-17T06:27:06.494931+00:00,1.428000,1.433000,1.400000
4,1776407227.517063,2026-04-17T06:27:07.517063+00:00,1.420000,1.434000,1.397000
5,1776407228.539107,2026-04-17T06:27:08.539107+00:00,1.422000,1.429000,1.395000
6,1776407229.560636,2026-04-17T06:27:09.560636+00:00,1.427000,1.433000,1.403000
7,1776407230.582461,2026-04-17T06:27:10.582461+00:00,1.421000,1.427000,1.410000
8,1776407231.604289,2026-04-17T06:27:11.604289+00:00,1.428000,1.434000,1.408000
9,1776407232.626161,2026-04-17T06:27:12.626161+00:00,1.425000,1.427000,1.401000
10,1776407233.648392,2026-04-17T06:27:13.648392+00:00,1.422000,1.437000,1.397000
11,1776407234.670382,2026-04-17T06:27:14.670382+00:00,1.423000,1.428000,1.398000
12,1776407235.692177,2026-04-17T06:27:15.692177+00:00,1.419000,1.435000,1.404000
13,1776407236.714049,2026-04-17T06:27:16.714049+00:00,1.426000,1.429000,1.408000
14,1776407237.735877,2026-04-17T06:27:17.735877+00:00,1.421000,1.435000,1.400000
15,1776407238.758028,2026-04-17T06:27:18.758028+00:00,1.421000,1.433000,1.397000
16,1776407239.780183,2026-04-17T06:27:19.780183+00:00,1.426000,1.428000,1.395000
1,1776407246.934034,2026-04-17T06:27:26.934034+00:00,1.422000,1.426000,1.406000
2,1776407247.956007,2026-04-17T06:27:27.956007+00:00,1.425000,1.426000,1.402000
3,1776407248.977992,2026-04-17T06:27:28.977992+00:00,1.422000,1.435000,1.398000
1,1776407284.746160,2026-04-17T06:28:04.746160+00:00,1.416000,1.423000,1.405000
2,1776407286.279028,2026-04-17T06:28:06.279028+00:00,1.416000,1.434000,1.398000
3,1776407287.812129,2026-04-17T06:28:07.812129+00:00,1.416000,1.425000,1.397000
4,1776407289.345153,2026-04-17T06:28:09.345153+00:00,1.416000,1.432000,1.403000
5,1776407290.877909,2026-04-17T06:28:10.877909+00:00,1.415000,1.434000,1.400000
6,1776407292.410520,2026-04-17T06:28:12.410520+00:00,1.412000,1.425000,1.404000
7,1776407293.943580,2026-04-17T06:28:13.943580+00:00,1.410000,1.424000,1.413000
